fetchai/agents/error_test,QmZQycecx2LSRkxCJAhjD5MWhAcJq7cxq1Kh8BwXVc55m7
fetchai/agents/gym_aea,QmSyT5RgQi6QLgb77ZkmPZuQoGv6QjYH6pi7oy3RGvUtqN
fetchai/agents/my_first_aea,QmTQv1FyzAzrDS2bqoZaKBhpvqiRu73johXYUxjSPZXChW
fetchai/connections/gym,QmNYmpvdhfmWVfFHq1kc2jzkaPWYEKguhobbdU5doy5QiR
fetchai/connections/http_client,QmaqrGfaFCSGDPuvMXzwCPqMXuKSVVUPP5CEREJahq9nn9
fetchai/connections/http_server,QmYFnbnjp6Zyz2rFyhDmpTBqL6VL9B9LW6e3fZgbZvXmk8
fetchai/connections/ledger,QmRhazFPabrsVnGoHojCubA193BQwtd3zpX4aojE96jCwE
fetchai/connections/local,QmdNA2xS54eSD5NztPVNPACz2h7QQVUhCZhHAyiLahP6VK
fetchai/connections/stub,QmZ5AZHR6Gh8LFS7Kgce2R9uV4HbSw9T523gHz33wvAs9c
fetchai/contracts/erc1155,QmcWju76BLXDzeH6po8nHhkZL7BgSEq4KqgvTgP1Y1ZUQ2
fetchai/protocols/contract_api,QmPmbGcxvqafNdvXUoizDhafzN1fq4EgTPn9j5xpRA1Azg
fetchai/protocols/default,QmYign8k94WSwSK5wiE33bMDnddyyetp7xMNtS59ke94iT
fetchai/protocols/fipa,QmYZprZxMfdmyTWoUxzK7ZWa2UtSCCo6PAQerrQ7Dv4Qzx
fetchai/protocols/gym,QmSXLXCzeJ8d4bwZhNmHufESEuuy4H9ZoNR6YWP6hVUJ9b
fetchai/protocols/http,QmPKXY95Lqt7UepM5f7Faw4HyenL2zc33BWNT5NZQVouBG
fetchai/protocols/ledger_api,QmUdB62ddcVBdKnAtX8uxu7JAWbd3ieBo6P3AcLKbDCtGL
fetchai/protocols/oef_search,QmeGZ94czhVf5HbEYrxyJoS6izsSX7EyA5nCWyeqLC1zi7
fetchai/protocols/state_update,QmPWc1RkyZfp5cxYXFYaz9SpzrPaQmGqKQQzdT9iuWjycR
fetchai/protocols/tac,QmdkeB3stQgPjfhpK5kkTmWuN8uBHmu4Dbmudtm3sMqqYF
fetchai/skills/echo,QmSvXz4qtmhQ1nDQfTL2rGY9HRn4fepyZyvNaNA7rWewvT
fetchai/skills/erc1155_client,Qmcffi3apLaTfUnoar9rZgupFL76ZZkj75tN8Hg37Gecm3
fetchai/skills/erc1155_deploy,QmVjeZ2GvPD9P4aghnssF3kZ3Y2b4LNXRJPT44sR75cuaT
fetchai/skills/error,QmQhvi5kiVkuCeFKLL5ymzHrUYgbgRU2vUKVdrKNHAKGmt
fetchai/skills/error_test_skill,QmZhWDHmU1VTY6ghwFHvcaCUrFBGg7utTdDkckY4Xiy3fr
fetchai/skills/fipa_dummy_buyer,QmQ5ovzMtuqioVCDTEAqED5ATpsjGLbMnMG6wwAW8Pfxah
fetchai/skills/generic_buyer,QmSv9b9JhptvnyEV17DgqqDXM2FfTi3dY4RLcSDTST4xxj
fetchai/skills/generic_seller,QmYuYYr9vj14HKUuFpUki4AEpiQ33MPP4yrFMxtmZbvvkG
fetchai/skills/gym,QmPoVGh5QF1g8gussYg3uKKACbtgk649ik7GnutLr46Aij
fetchai/skills/http_echo,QmaDNpbJ63FyJ1U35ScRNp1VXgbbMSgnxMiBiZUap4jvW7
fetchai/skills/task_test_skill,QmfMiEsAJnnN57TmtJ9PxsK4apg36LKPQM95pKuDU8LGHn
open_aea/agents/gym_aea,QmSF2mGdTd57SW3kX6V5SMkKm7UN61BgqnneeHubEEKxGU
open_aea/agents/http_echo,QmbdzmZgqmjvW2qc7VbPmXXLxU95dMBEwPGPq514xgEPM7
open_aea/agents/my_first_aea,QmdEB1FY4dti7EWWzpviJYG82LGEUkXX2dyjH5g87AGPH3
open_aea/connections/scaffold,QmZ42VNQKHxG1pWad4GCtD4Z8pwS258xd45KbM8pTgmyFk
open_aea/contracts/scaffold,QmWk6GLpbV3ZSZuhpTqejGdPd6c5iJQCGjo7g4ktW2BdMu
open_aea/protocols/scaffold,QmSV8Xe9eDWvtSxRKZQquMy5d2kcR7FprJtStUD7wb5b3B
open_aea/protocols/signing,QmVQuxSvaRXdB4E9SLREHzPDvLvk7fsTnYcVzvTc3Ax97w
open_aea/skills/scaffold,QmemZUe28kMS72q9zLW6VVzfss2adEgFGwtWinPXzGPmUm
valory/connections/p2p_libp2p,QmUrLr6Myy16b2KaEvxpFAnSZTwL2Syng8fB4xhsRyyeVa
valory/connections/p2p_libp2p_client,QmNqfTksXVsVeRRzxcQk3xccoMcZ1etAv1JBB3ByV71asC
valory/connections/p2p_libp2p_mailbox,QmfHov7vFPCZ67pfNY5GSFehrb37k47JrJL5Qj9NfohpQJ
valory/protocols/acn,QmbnZiXAc1n8Dt6mxHtfwrtwh3F3geS4Z387sssBGca5Dn
valory/protocols/tendermint,QmWsMrQBM69jm3BQikR7FG4h8DJ9LxSBXGPkCqZLPnsPxN
